_empty_0,No,Reksadana,Bloomberg Quote,Manajer Investasi,Bank Kustodian,Jenis,Kategori,Mata Uang,Dividen,NAB,1 Hari,1 Minggu,MtD,1 Bulan,3 Bulan,6 Bulan,YtD,1 Tahun,3 Tahun,5 Tahun,10 Tahun,Inception,Annualized Return - 1 Thn (%),Annualized Return - 3 Thn (%),Annualized Return - 5 Thn (%),Annualized Return - 10 Thn (%),St. Deviation - 1 Thn (%),St. Deviation - 3 Thn (%),St. Deviation - 5 Thn (%),St. Deviation - 10 Thn (%),Beta - 1 Thn,Beta - 3 Thn,Beta - 5 Thn,Beta - 10 Thn,Sharpe Ratio - 1 Thn,Sharpe Ratio - 3 Thn,Sharpe Ratio - 5 Thn,Sharpe Ratio - 10 Thn,Treynor Ratio - 1 Thn,Treynor Ratio - 3 Thn,Treynor Ratio - 5 Thn,Treynor Ratio - 10 Thn,Jensen Alpha - 1 Thn,Jensen Alpha - 3 Thn,Jensen Alpha - 5 Thn,Jensen Alpha - 10 Thn,Sortino Ratio - 1 Thn,Sortino Ratio - 3 Thn,Sortino Ratio - 5 Thn,Sortino Ratio - 10 Thn,Tracking Error - 1 Thn (%),Tracking Error - 3 Thn (%),Tracking Error - 5 Thn (%),Tracking Error - 10 Thn (%),Max Drawdown - 1 Thn (%),Max Drawdown - 3 Thn (%),Max Drawdown - 5 Thn (%),Max Drawdown - 10 Thn (%),Sharpe Ratio Performance,Sharpe Ratio Performance 1 Thn,Sharpe Ratio Performance 3 Thn,Sharpe Ratio Performance 5 Thn,Sharpe Ratio Performance 10 Thn,Dana Kelolaan,Unit Penyertaan,Tanggal Peluncuran,Last Update Dana Kelolaan,Expense Ratio (Tahun),Investment Manager Fee,Minimum Subscription,Last Update Fund Fact Sheet,Last Update Portfolio,Last Update,Div NAB,Div 1 Hari,Div 1 Minggu,Div MtD,Div 1 Bulan,Div 3 Bulan,Div 6 Bulan,Div YtD,Div 1 Tahun,Div 3 Tahun,Div 5 Tahun,Div 10 Tahun,Div Inception,Accumulated Div NAB,Accumulated Div 1 Hari (%),Accumulated Div 1 Minggu (%),Accumulated Div MtD (%),Accumulated Div 1 Bulan (%),Accumulated Div 3 Bulan (%),Accumulated Div 6 Bulan (%),Accumulated Div YtD (%),Accumulated Div 1 Tahun (%),Accumulated Div 3 Tahun (%),Accumulated Div 5 Tahun (%),Accumulated Div 10 Tahun (%),Accumulated Div Inception (%),scraped_at,page_number
,1,ABF INDONESIA BOND INDEX FUND,,"Bahana TCW Investment Management, PT",PT Bank HSBC Indonesia,Pendapatan Tetap,"ETF, Index",IDR,Tidak,"59.541,6898","-0,14%","-0,19%","-0,22%","-0,32%","2,89%","6,54%","10,52%","10,49%",,,,,,,,,,,,,,,,,,,,,,,,,,,,,,,,,,,,,,,,,,,,,,"7.896.485.101.316,00","132.326.896,25",25-Mei-2005,Okt-2025,,Maks 0.30%,Rp 1.000.000,29-Sep-2025,31-Okt-2025,24-Nov-2025,,-,-,-,-,-,-,-,-,,,,,,-,-,-,-,-,-,-,-,,,,,2025-11-25T09:09:43.667857,1
,2,ALLIANZ ALPHA SECTOR ROTATION KELAS A,,"Allianz Global Investors Asset Management Indonesia, PT",DEUTSCHE BANK A. G. - CUSTODY,Saham,Konvensional,IDR,Tidak,"1.531,1100","1,27%","0,44%","0,86%","1,51%","3,87%","7,06%","3,51%","-0,06%",,,,,,,,,,,,,,,,,,,,,,,,,,,,,,,,,,,,,,,,,,,,,,"113.645.618.218,96","74.861.276,57",18-Agt-2010,Okt-2025,,Maks 3.00%,Rp. 100.000,30-Okt-2025,31-Okt-2025,24-Nov-2025,,-,-,-,-,-,-,-,-,,,,,,-,-,-,-,-,-,-,-,,,,,2025-11-25T09:09:43.667880,1
,3,ALLIANZ ALPHA SECTOR ROTATION KELAS B1,,"Allianz Global Investors Asset Management Indonesia, PT",DEUTSCHE BANK A. G. - CUSTODY,Saham,Konvensional,IDR,Tidak,"1.575,2100","1,29%","0,50%","1,07%","1,79%","4,73%","8,82%",-,-,,,,,,,,,,,,,,,,,,,,,,,,,,,,,,,,,,,,,,,,,,,,,,"79.052.628.170,85","50.723.204,43",,Okt-2025,,,,,,24-Nov-2025,,-,-,-,-,-,-,-,-,,,,,,-,-,-,-,-,-,-,-,,,,,2025-11-25T09:09:43.667892,1
,4,ALLIANZ CAPITAL PROTECTED FUND 50,,"Allianz Global Investors Asset Management Indonesia, PT","Bank Rakyat Indonesia, Tbk, PT",Terproteksi,Konvensional,IDR,Tidak,"1.001,4817","0,05%","0,13%","-2,03%","-1,91%","-0,84%","0,76%","0,83%","1,52%",,,,,,,,,,,,,,,,,,,,,,,,,,,,,,,,,,,,,,,,,,,,,,"105.502.759.145,65","103.210.000,00",,Okt-2025,,,,,,24-Nov-2025,,-,-,-,-,-,-,-,-,,,,,,-,-,-,-,-,-,-,-,,,,,2025-11-25T09:09:43.667900,1
,5,ALLIANZ CAPITAL PROTECTED FUND 53,,"Allianz Global Investors Asset Management Indonesia, PT","BANK DBS INDONESIA - CUSTODY, PT",Terproteksi,Konvensional,IDR,Tidak,"1.023,4400","0,06%","0,13%","0,46%","0,59%","1,81%","0,29%","3,12%","0,50%",,,,,,,,,,,,,,,,,,,,,,,,,,,,,,,,,,,,,,,,,,,,,,"152.818.776.441,00","150.000.000,00",,Okt-2025,,,,,,24-Nov-2025,,-,-,-,-,-,-,-,-,,,,,,-,-,-,-,-,-,-,-,,,,,2025-11-25T09:09:43.667907,1
,6,ALLIANZ CAPITAL PROTECTED FUND 55,,"Allianz Global Investors Asset Management Indonesia, PT","Bank Rakyat Indonesia, Tbk, PT",Terproteksi,Konvensional,IDR,Tidak,"1.023,8744","0,04%","0,09%","0,22%","0,32%","-0,53%","0,65%","0,77%","1,27%",,,,,,,,,,,,,,,,,,,,,,,,,,,,,,,,,,,,,,,,,,,,,,"510.796.296.505,13","500.000.000,00",,Okt-2025,,,,,,24-Nov-2025,,-,-,-,-,-,-,-,-,,,,,,-,-,-,-,-,-,-,-,,,,,2025-11-25T09:09:43.667914,1
,7,ALLIANZ CAPITAL PROTECTED FUND 57,,"Allianz Global Investors Asset Management Indonesia, PT","Bank Rakyat Indonesia, Tbk, PT",Terproteksi,Konvensional,IDR,Tidak,"1.006,0992","0,05%","0,12%","-0,02%","0,10%","-1,41%","0,09%","-0,20%","0,44%",,,,,,,,,,,,,,,,,,,,,,,,,,,,,,,,,,,,,,,,,,,,,,"158.492.335.003,16","157.500.000,00",,Okt-2025,,,,,,24-Nov-2025,,-,-,-,-,-,-,-,-,,,,,,-,-,-,-,-,-,-,-,,,,,2025-11-25T09:09:43.667921,1
,8,ALLIANZ CAPITAL PROTECTED FUND 58,,"Allianz Global Investors Asset Management Indonesia, PT","Bank Rakyat Indonesia, Tbk, PT",Terproteksi,Konvensional,IDR,Tidak,"1.007,7786","0,04%","0,09%","0,31%","0,40%","-1,11%","-0,07%","-0,40%","0,08%",,,,,,,,,,,,,,,,,,,,,,,,,,,,,,,,,,,,,,,,,,,,,,"753.504.225.787,61","750.000.000,00",,Okt-2025,,,,,,24-Nov-2025,,-,-,-,-,-,-,-,-,,,,,,-,-,-,-,-,-,-,-,,,,,2025-11-25T09:09:43.667927,1
,9,ALLIANZ CAPITAL PROTECTED FUND 60,,"Allianz Global Investors Asset Management Indonesia, PT","Bank Permata, Tbk, PT",Terproteksi,Konvensional,IDR,Tidak,"995,6398","0,05%","0,12%","-1,25%","-1,14%","-1,25%","0,29%","-0,10%","0,56%",,,,,,,,,,,,,,,,,,,,,,,,,,,,,,,,,,,,,,,,,,,,,,"201.653.211.703,20","200.000.000,00",,Okt-2025,,,,,,24-Nov-2025,,-,-,-,-,-,-,-,-,,,,,,-,-,-,-,-,-,-,-,,,,,2025-11-25T09:09:43.667933,1
,10,ALLIANZ CAPITAL PROTECTED FUND 61,,"Allianz Global Investors Asset Management Indonesia, PT","Bank Rakyat Indonesia, Tbk, PT",Terproteksi,Konvensional,IDR,Tidak,"1.013,8692","0,05%","0,11%","0,38%","0,49%","0,21%","0,05%","-0,70%","-0,10%",,,,,,,,,,,,,,,,,,,,,,,,,,,,,,,,,,,,,,,,,,,,,,"606.034.647.310,84","600.022.000,00",,Okt-2025,,,,,,24-Nov-2025,,-,-,-,-,-,-,-,-,,,,,,-,-,-,-,-,-,-,-,,,,,2025-11-25T09:09:43.667939,1
,11,ALLIANZ CAPITAL PROTECTED FUND 62,,"Allianz Global Investors Asset Management Indonesia, PT","BANK CENTRAL ASIA - CUSTODY, Tbk, PT",Terproteksi,Konvensional,IDR,Tidak,"1.007,6007","0,05%","0,11%","0,38%","0,49%","-1,33%","0,08%","-0,46%","0,14%",,,,,,,,,,,,,,,,,,,,,,,,,,,,,,,,,,,,,,,,,,,,,,"502.247.378.251,31","500.361.000,00",,Okt-2025,,,,,,24-Nov-2025,,-,-,-,-,-,-,-,-,,,,,,-,-,-,-,-,-,-,-,,,,,2025-11-25T09:09:43.667950,1
,12,ALLIANZ CAPITAL PROTECTED FUND 63,,"Allianz Global Investors Asset Management Indonesia, PT","Bank OCBC NISP, Tbk, PT",Terproteksi,Konvensional,IDR,Tidak,"1.006,9028","0,05%","0,11%","0,40%","0,51%","-1,42%","0,05%","-0,54%","0,08%",,,,,,,,,,,,,,,,,,,,,,,,,,,,,,,,,,,,,,,,,,,,,,"501.469.418.322,40","500.006.750,00",,Okt-2025,,,,,,24-Nov-2025,,-,-,-,-,-,-,-,-,,,,,,-,-,-,-,-,-,-,-,,,,,2025-11-25T09:09:43.667956,1
,13,ALLIANZ CAPITAL PROTECTED FUND 64,,"Allianz Global Investors Asset Management Indonesia, PT","Bank OCBC NISP, Tbk, PT",Terproteksi,Konvensional,IDR,Tidak,"1.006,7291","0,05%","0,11%","0,39%","0,50%","-1,38%","0,05%","-0,53%","0,08%",,,,,,,,,,,,,,,,,,,,,,,,,,,,,,,,,,,,,,,,,,,,,,"501.428.301.574,48","500.004.850,00",,Okt-2025,,,,,,24-Nov-2025,,-,-,-,-,-,-,-,-,,,,,,-,-,-,-,-,-,-,-,,,,,2025-11-25T09:09:43.667962,1
,14,ALLIANZ CAPITAL PROTECTED FUND 65,,"Allianz Global Investors Asset Management Indonesia, PT","BANK CENTRAL ASIA - CUSTODY, Tbk, PT",Terproteksi,Konvensional,IDR,Tidak,"1.012,4738","0,05%","0,11%","0,37%","0,48%","-1,24%","0,13%","-0,34%","0,24%",,,,,,,,,,,,,,,,,,,,,,,,,,,,,,,,,,,,,,,,,,,,,,"77.978.334.772,06","77.302.750,00",,Okt-2025,,,,,,24-Nov-2025,,-,-,-,-,-,-,-,-,,,,,,-,-,-,-,-,-,-,-,,,,,2025-11-25T09:09:43.667968,1
,15,ALLIANZ FIXED INCOME FUND 2,,"Allianz Global Investors Asset Management Indonesia, PT","Bank Rakyat Indonesia, Tbk, PT",Pendapatan Tetap,Konvensional,IDR,Tidak,"1.728,3828","-0,19%","-0,32%","-0,45%","-0,57%","2,80%","6,40%","10,33%","10,20%",,,,,,,,,,,,,,,,,,,,,,,,,,,,,,,,,,,,,,,,,,,,,,"93.139.608.314,15","53.647.829,95",28-Jun-2016,Okt-2025,,Maks 2.00%,Rp. 100.000,30-Okt-2025,31-Okt-2025,24-Nov-2025,,-,-,-,-,-,-,-,-,,,,,,-,-,-,-,-,-,-,-,,,,,2025-11-25T09:09:43.667975,1
,16,ALLIANZ HIGH DIVIDEND GLOBAL SHARIA EQUITY DOLLAR KELAS A,,"Allianz Global Investors Asset Management Indonesia, PT",PT Bank HSBC Indonesia,Reksadana Global,"Sharia, ETF",USD,Tidak,"1,288300","1,45%","0,67%","-1,11%","-0,12%","3,70%","14,48%","8,26%","7,98%",,,,,,,,,,,,,,,,,,,,,,,,,,,,,,,,,,,,,,,,,,,,,,"1.289.776,54","990.861,52",02-Okt-2023,Okt-2025,,Maks. 3.00% p.a,USD 10.000,30-Okt-2025,31-Okt-2025,24-Nov-2025,,-,-,-,-,-,-,-,-,,,,,,-,-,-,-,-,-,-,-,,,,,2025-11-25T09:09:43.667981,1
,17,ALLIANZ HIGH DIVIDEND GLOBAL SHARIA EQUITY DOLLAR KELAS B1,,"Allianz Global Investors Asset Management Indonesia, PT",PT Bank HSBC Indonesia,Reksadana Global,"Sharia, ETF",USD,Tidak,"1,312600","1,47%","0,71%","-0,98%","0,06%","4,27%","15,72%",-,-,,,,,,,,,,,,,,,,,,,,,,,,,,,,,,,,,,,,,,,,,,,,,,"8.460.331,22","6.388.200,00",,Okt-2025,,,,,,24-Nov-2025,,-,-,-,-,-,-,-,-,,,,,,-,-,-,-,-,-,-,-,,,,,2025-11-25T09:09:43.667987,1
,18,ALLIANZ INDO ASIA EQUITY FUND KELAS A,,"Allianz Global Investors Asset Management Indonesia, PT",STANDARD CHARTERED BANK - CUSTODY,Saham,Konvensional,IDR,Tidak,"1.286,0000","1,21%","0,33%","0,52%","0,88%","3,60%","5,85%","5,84%","2,65%",,,,,,,,,,,,,,,,,,,,,,,,,,,,,,,,,,,,,,,,,,,,,,"27.717.200.486,25","21.664.381,08",06-Jan-2017,Okt-2025,,Maks 3.00%,Rp 1.000.000,30-Okt-2025,31-Okt-2025,24-Nov-2025,,-,-,-,-,-,-,-,-,,,,,,-,-,-,-,-,-,-,-,,,,,2025-11-25T09:09:43.667994,1
,19,ALLIANZ INDO ASIA EQUITY FUND KELAS B1,,"Allianz Global Investors Asset Management Indonesia, PT",STANDARD CHARTERED BANK - CUSTODY,Saham,Konvensional,IDR,Tidak,"1.272,3900","1,22%","0,35%","0,57%","0,95%","3,20%",-,-,-,,,,,,,,,,,,,,,,,,,,,,,,,,,,,,,,,,,,,,,,,,,,,,"28.462.512.101,02","22.497.231,07",,Okt-2025,,,,,,24-Nov-2025,,-,-,-,-,-,-,-,-,,,,,,-,-,-,-,-,-,-,-,,,,,2025-11-25T09:09:43.668000,1
,20,ALLIANZ RUPIAH LIQUID FUND KELAS A,,"Allianz Global Investors Asset Management Indonesia, PT",PT Bank HSBC Indonesia,Pasar Uang,Konvensional,IDR,Tidak,"1.849,7000","0,02%","0,02%","0,21%","0,28%","1,02%","2,26%","4,21%","4,56%",,,,,,,,,,,,,,,,,,,,,,,,,,,,,,,,,,,,,,,,,,,,,,"62.083.825.876,00","33.636.090,13",09-Jun-2011,Okt-2025,,Maks 1.50%,Rp. 100.000,30-Okt-2025,31-Okt-2025,24-Nov-2025,,-,-,-,-,-,-,-,-,,,,,,-,-,-,-,-,-,-,-,,,,,2025-11-25T09:09:43.668026,1
,21,ALLIANZ RUPIAH LIQUID FUND KELAS B1,,"Allianz Global Investors Asset Management Indonesia, PT",PT Bank HSBC Indonesia,Pasar Uang,Konvensional,IDR,Tidak,"1.861,6300","0,02%","0,04%","0,26%","0,34%","1,21%","2,64%",-,-,,,,,,,,,,,,,,,,,,,,,,,,,,,,,,,,,,,,,,,,,,,,,,"54.364.084.550,00","29.278.931,59",,Okt-2025,,,,,,24-Nov-2025,,-,-,-,-,-,-,-,-,,,,,,-,-,-,-,-,-,-,-,,,,,2025-11-25T09:09:43.668036,1
,22,ALLIANZ SRI KEHATI INDEX FUND,,"Allianz Global Investors Asset Management Indonesia, PT",PT Bank HSBC Indonesia,Saham,Index,IDR,Tidak,"1.096,0500","1,05%","0,87%","1,26%","2,15%","2,37%","2,75%","6,95%","2,97%",,,,,,,,,,,,,,,,,,,,,,,,,,,,,,,,,,,,,,,,,,,,,,"92.851.541.197,00","85.785.290,01",31-Agt-2017,Okt-2025,,Maks 1.50%,Rp 100.000,30-Okt-2025,31-Okt-2025,24-Nov-2025,,-,-,-,-,-,-,-,-,,,,,,-,-,-,-,-,-,-,-,,,,,2025-11-25T09:09:43.668042,1
,23,ALLIANZ USD FIXED INCOME FUND KELAS A,,"Allianz Global Investors Asset Management Indonesia, PT",PT Bank HSBC Indonesia,Pendapatan Tetap,Konvensional,USD,Tidak,"1,087000","0,02%","0,03%","0,07%","0,09%","0,61%","1,77%","4,35%","4,22%",,,,,,,,,,,,,,,,,,,,,,,,,,,,,,,,,,,,,,,,,,,,,,"7.159.230,33","6.598.613,09",02-Okt-2023,Okt-2025,,"Maks. 3,00% p.a",USD 1.000,30-Okt-2025,31-Okt-2025,24-Nov-2025,,-,-,-,-,-,-,-,-,,,,,,-,-,-,-,-,-,-,-,,,,,2025-11-25T09:09:43.668048,1
,24,ALLIANZ USD FIXED INCOME FUND KELAS B1,,"Allianz Global Investors Asset Management Indonesia, PT",PT Bank HSBC Indonesia,Pendapatan Tetap,Konvensional,USD,Tidak,"1,099400","0,03%","0,05%","0,18%","0,20%","0,95%","2,42%",-,-,,,,,,,,,,,,,,,,,,,,,,,,,,,,,,,,,,,,,,,,,,,,,,"3.502.063,97","3.194.100,00",,Okt-2025,,,,,,24-Nov-2025,,-,-,-,-,-,-,-,-,,,,,,-,-,-,-,-,-,-,-,,,,,2025-11-25T09:09:43.668054,1
,25,ALLIANZ USD FIXED INCOME FUND KELAS B2,,"Allianz Global Investors Asset Management Indonesia, PT",PT Bank HSBC Indonesia,Pendapatan Tetap,Konvensional,USD,Tidak,"1,088100","0,02%","0,04%","0,16%","0,17%",-,-,-,-,,,,,,,,,,,,,,,,,,,,,,,,,,,,,,,,,,,,,,,,,,,,,,"300.092,40","276.472,21",,Okt-2025,,,,,,24-Nov-2025,,-,-,-,-,-,-,-,-,,,,,,-,-,-,-,-,-,-,-,,,,,2025-11-25T09:09:43.668060,1
,26,ALPHA DANA EKUITAS,,"Alpha Aset Manajemen, PT","BANK DANAMON INDONESIA - CUSTODY, Tbk, PT",Saham,Konvensional,IDR,Tidak,"1.158,9922","1,13%","0,44%","1,14%","1,56%","1,37%","9,10%","14,16%","12,89%",,,,,,,,,,,,,,,,,,,,,,,,,,,,,,,,,,,,,,,,,,,,,,"11.012.151.230,27","9.609.507,77",,Okt-2025,,,,,,24-Nov-2025,,-,-,-,-,-,-,-,-,,,,,,-,-,-,-,-,-,-,-,,,,,2025-11-25T09:09:43.668066,1
,27,ALPHA PASAR UANG,,"Alpha Aset Manajemen, PT","BANK DANAMON INDONESIA - CUSTODY, Tbk, PT",Pasar Uang,Konvensional,IDR,Tidak,"1.105,8731","0,03%","0,07%","0,24%","0,31%","0,98%","1,84%","3,42%","3,81%",,,,,,,,,,,,,,,,,,,,,,,,,,,,,,,,,,,,,,,,,,,,,,"13.294.325.478,37","12.050.312,72",,Okt-2025,,,,,,24-Nov-2025,,-,-,-,-,-,-,-,-,,,,,,-,-,-,-,-,-,-,-,,,,,2025-11-25T09:09:43.668072,1
,28,ANARGYA SUPERFUND EQUITY GROWTH,,"Anargya Aset Manajemen, PT","KEB Hana Bank Indonesia, PT",Saham,Konvensional,IDR,Tidak,"1.739,0027","-0,58%","-0,79%","9,45%","4,90%","64,94%","140,28%","196,97%","176,56%",,,,,,,,,,,,,,,,,,,,,,,,,,,,,,,,,,,,,,,,,,,,,,"40.437.286.207,16","25.450.211,17",11-Okt-2021,Okt-2025,,Maksimum 3%,Rp. 20.000,30-Okt-2025,31-Okt-2025,24-Nov-2025,,-,-,-,-,-,-,-,-,,,,,,-,-,-,-,-,-,-,-,,,,,2025-11-25T09:09:43.668078,1
,29,ANARGYA SUPERGAMA,,"Anargya Aset Manajemen, PT","Bank KB Bukopin, Tbk, PT",Pasar Uang,Konvensional,IDR,Tidak,"1.123,2694","0,04%","0,08%","0,30%","0,34%","1,12%","2,09%","4,10%","4,22%",,,,,,,,,,,,,,,,,,,,,,,,,,,,,,,,,,,,,,,,,,,,,,"27.488.953.263,34","24.546.758,97",12-Okt-2020,Okt-2025,,Maks 1%,"Rp 100.000,-",30-Okt-2025,31-Okt-2025,24-Nov-2025,,-,-,-,-,-,-,-,-,,,,,,-,-,-,-,-,-,-,-,,,,,2025-11-25T09:09:43.668084,1
,30,ANARGYA SUPERGROWTH,,"Anargya Aset Manajemen, PT","KEB Hana Bank Indonesia, PT",Pendapatan Tetap,Konvensional,IDR,Tidak,"1.270,1393","-0,34%","-0,59%","-0,56%","-1,03%","1,66%","5,64%","9,10%","9,20%",,,,,,,,,,,,,,,,,,,,,,,,,,,,,,,,,,,,,,,,,,,,,,"52.008.750.848,88","40.716.803,65",27-Agt-2021,Okt-2025,,Maks 3.00%,"Rp20,000",30-Okt-2025,31-Okt-2025,24-Nov-2025,,-,-,-,-,-,-,-,-,,,,,,-,-,-,-,-,-,-,-,,,,,2025-11-25T09:09:43.668090,1
,31,ASHMORE DANA BALANCED NUSANTARA,,"Ashmore Asset Management Indonesia, PT",PT Bank HSBC Indonesia,Campuran,Konvensional,IDR,Tidak,"1.063,6800","0,32%","0,06%","0,68%","0,46%","1,87%","3,68%","6,76%","4,94%",,,,,,,,,,,,,,,,,,,,,,,,,,,,,,,,,,,,,,,,,,,,,,"360.907.330.803,00","341.603.167,99",25-Nov-2022,Okt-2025,,Maks. 2.5%,"Rp 100.000,-",29-Sep-2024,30-Sep-2024,24-Nov-2025,,-,-,-,-,-,-,-,-,,,,,,-,-,-,-,-,-,-,-,,,,,2025-11-25T09:09:43.668096,1
,32,ASHMORE DANA EKUITAS NUSANTARA,,"Ashmore Asset Management Indonesia, PT",PT Bank HSBC Indonesia,Saham,Konvensional,IDR,Ya,"1.291,7000","0,92%","0,40%","1,46%","2,14%","3,32%","4,54%","4,82%","0,67%",,,,,,,,,,,,,,,,,,,,,,,,,,,,,,,,,,,,,,,,,,,,,,"1.725.782.132.048,00","1.355.607.422,11",11-Feb-2013,Okt-2025,,Maks 3.0%,Rp. 100.000,30-Okt-2025,31-Okt-2025,24-Nov-2025,"1.381,5741","0,92%","0,40%","1,46%","2,14%","3,32%","4,54%","4,82%","0,67%",,,,,,-,-,-,-,-,-,-,-,,,,,2025-11-25T09:09:43.668102,1
,33,ASHMORE DANA OBLIGASI NUSANTARA KELAS A,,"Ashmore Asset Management Indonesia, PT",PT Bank HSBC Indonesia,Pendapatan Tetap,Konvensional,IDR,Ya,"1.541,8200","-0,16%","-0,33%","-0,93%","-1,21%","1,29%","1,99%","2,62%","2,56%",,,,,,,,,,,,,,,,,,,,,,,,,,,,,,,,,,,,,,,,,,,,,,"3.634.841.266.710,05","2.335.661.549,49",24-Apr-2013,Okt-2025,,Maks 1.50%,Rp. 100.000,30-Okt-2025,31-Okt-2025,24-Nov-2025,"1.935,3072","-0,16%","-0,33%","-0,93%","-1,21%","1,29%","1,99%","5,23%","5,17%",,,,,,-,-,-,-,-,-,-,-,,,,,2025-11-25T09:09:43.668108,1
,34,ASHMORE DANA OBLIGASI NUSANTARA KELAS B,,"Ashmore Asset Management Indonesia, PT",PT Bank HSBC Indonesia,Pendapatan Tetap,Konvensional,IDR,Tidak,"996,0000","-0,16%","-0,32%","-0,40%",-,-,-,-,-,,,,,,,,,,,,,,,,,,,,,,,,,,,,,,,,,,,,,,,,,,,,,,"1.000.000,00","1.000,00",,Okt-2025,,,,,,24-Nov-2025,,-,-,-,-,-,-,-,-,,,,,,-,-,-,-,-,-,-,-,,,,,2025-11-25T09:09:43.668115,1
,35,ASHMORE DANA OBLIGASI PROVIDENTIA NUSANTARA,,"Ashmore Asset Management Indonesia, PT",PT Bank HSBC Indonesia,Pendapatan Tetap,Konvensional,IDR,Tidak,"1.064,2500","-0,03%","-0,17%","-0,24%","-0,28%","2,25%","3,27%","5,67%","5,04%",,,,,,,,,,,,,,,,,,,,,,,,,,,,,,,,,,,,,,,,,,,,,,"36.224.513.233,00","33.954.952,21",,Okt-2025,,,,30-Jul-2024,31-Jul-2024,24-Nov-2025,,-,-,-,-,-,-,-,-,,,,,,-,-,-,-,-,-,-,-,,,,,2025-11-25T09:09:43.668121,1
,36,ASHMORE DANA OBLIGASI UNGGULAN NUSANTARA KELAS A,,"Ashmore Asset Management Indonesia, PT",PT Bank HSBC Indonesia,Pendapatan Tetap,Konvensional,IDR,Ya,"1.062,9100","-0,25%","-0,31%","-0,72%","-0,84%","0,41%","1,90%","3,78%","2,88%",,,,,,,,,,,,,,,,,,,,,,,,,,,,,,,,,,,,,,,,,,,,,,"3.150.359.231.607,00","2.942.476.775,13",30-Okt-2017,Okt-2025,,Maks 1.00%,"Rp. 100.000,- (seratus ribu Rupiah).",30-Okt-2025,31-Okt-2025,24-Nov-2025,"1.429,9243","-0,25%","-0,31%","-0,72%","-0,84%","0,41%","1,90%","4,18%","3,66%",,,,,,-,-,-,-,-,-,-,-,,,,,2025-11-25T09:09:43.668127,1
,37,ASHMORE DANA OBLIGASI UNGGULAN NUSANTARA KELAS B,,"Ashmore Asset Management Indonesia, PT",PT Bank HSBC Indonesia,Pendapatan Tetap,Konvensional,IDR,Tidak,"1.027,4800","-0,25%","-0,30%","-0,23%","-0,35%","1,90%",-,-,-,,,,,,,,,,,,,,,,,,,,,,,,,,,,,,,,,,,,,,,,,,,,,,"295.793.000.620,00","287.216.726,85",,Okt-2025,,,,,,24-Nov-2025,,-,-,-,-,-,-,-,-,,,,,,-,-,-,-,-,-,-,-,,,,,2025-11-25T09:09:43.668133,1
,38,ASHMORE DANA PASAR UANG NUSANTARA,,"Ashmore Asset Management Indonesia, PT","Bank Cimb Niaga, Tbk, PT",Pasar Uang,Konvensional,IDR,Tidak,"1.316,9100","-0,01%","-0,05%","0,18%","0,24%","1,13%","2,62%","4,52%","4,97%",,,,,,,,,,,,,,,,,,,,,,,,,,,,,,,,,,,,,,,,,,,,,,"1.291.382.444.969,38","982.385.713,98",16-Agt-2016,Okt-2025,,Maks 1.00%,Rp. 100.000,30-Okt-2025,31-Okt-2025,24-Nov-2025,,-,-,-,-,-,-,-,-,,,,,,-,-,-,-,-,-,-,-,,,,,2025-11-25T09:09:43.668139,1
,39,ASHMORE DANA PASAR UANG SYARIAH,,"Ashmore Asset Management Indonesia, PT",PT Bank HSBC Indonesia,Pasar Uang,Sharia,IDR,Tidak,"1.171,1800","-0,01%","0,02%","0,22%","0,32%","1,45%","3,05%","5,73%","5,81%",,,,,,,,,,,,,,,,,,,,,,,,,,,,,,,,,,,,,,,,,,,,,,"121.345.259.123,92","103.833.577,02",,Okt-2025,,,,,,24-Nov-2025,,-,-,-,-,-,-,-,-,,,,,,-,-,-,-,-,-,-,-,,,,,2025-11-25T09:09:43.668145,1
,40,ASHMORE DANA PROGRESIF NUSANTARA,,"Ashmore Asset Management Indonesia, PT",PT Bank HSBC Indonesia,Saham,Konvensional,IDR,Tidak,"1.631,9400","0,53%","-0,27%","0,62%","1,88%","5,15%","7,89%","8,90%","5,75%",,,,,,,,,,,,,,,,,,,,,,,,,,,,,,,,,,,,,,,,,,,,,,"668.286.102.044,00","412.038.994,11",11-Feb-2013,Okt-2025,,Maks 3.0%,"Rp. 100.000,-",30-Okt-2025,31-Okt-2025,24-Nov-2025,,-,-,-,-,-,-,-,-,,,,,,-,-,-,-,-,-,-,-,,,,,2025-11-25T09:09:43.668151,1
,41,ASHMORE DANA TERPROTEKSI NUSANTARA III,,"Ashmore Asset Management Indonesia, PT","Bank Rakyat Indonesia, Tbk, PT",Terproteksi,Konvensional,IDR,Tidak,"1.020,5756","0,04%","-0,58%","-0,33%","-0,23%","-0,47%","0,24%","-0,10%","0,47%",,,,,,,,,,,,,,,,,,,,,,,,,,,,,,,,,,,,,,,,,,,,,,"614.383.459.759,54","600.000.000,00",,Okt-2025,,,,,,24-Nov-2025,,-,-,-,-,-,-,-,-,,,,,,-,-,-,-,-,-,-,-,,,,,2025-11-25T09:09:43.668157,1
,42,ASHMORE DANA TERPROTEKSI NUSANTARA IV,,"Ashmore Asset Management Indonesia, PT","BANK CENTRAL ASIA - CUSTODY, Tbk, PT",Terproteksi,Konvensional,IDR,Tidak,"1.034,5455","0,05%","0,11%","0,37%","0,48%","1,46%","0,43%","0,26%","0,85%",,,,,,,,,,,,,,,,,,,,,,,,,,,,,,,,,,,,,,,,,,,,,,"515.413.170.636,35","500.037.000,00",,Okt-2025,,,,,,24-Nov-2025,,-,-,-,-,-,-,-,-,,,,,,-,-,-,-,-,-,-,-,,,,,2025-11-25T09:09:43.668163,1
,43,ASHMORE DANA USD EQUITY NUSANTARA,,"Ashmore Asset Management Indonesia, PT",PT Bank HSBC Indonesia,Saham,Konvensional,USD,Tidak,"1,374400","0,50%","-0,32%","1,87%","3,30%","8,01%","20,10%","22,31%","15,71%",,,,,,,,,,,,,,,,,,,,,,,,,,,,,,,,,,,,,,,,,,,,,,"6.182.141,34","4.586.144,60",18-Mei-2015,Okt-2025,,Maks 3.0%,USD 100,30-Okt-2025,31-Okt-2025,24-Nov-2025,,-,-,-,-,-,-,-,-,,,,,,-,-,-,-,-,-,-,-,,,,,2025-11-25T09:09:43.668169,1
,44,ASHMORE DANA USD FIXED INCOME KELAS A,,"Ashmore Asset Management Indonesia, PT","Bank Rakyat Indonesia, Tbk, PT",Pendapatan Tetap,Konvensional,USD,Tidak,"0,977100","0,01%","-0,02%","-0,21%","-0,19%","0,30%","1,26%","3,53%","3,33%",,,,,,,,,,,,,,,,,,,,,,,,,,,,,,,,,,,,,,,,,,,,,,"951.420,12","973.186,36",02-Nov-2020,Okt-2025,,Max 1.0% per annum,USD 100,27-Jun-2024,28-Jun-2024,24-Nov-2025,,-,-,-,-,-,-,-,-,,,,,,-,-,-,-,-,-,-,-,,,,,2025-11-25T09:09:43.668175,1
,45,ASHMORE DANA USD NUSANTARA KELAS A,,"Ashmore Asset Management Indonesia, PT",PT Bank HSBC Indonesia,Pendapatan Tetap,Konvensional,USD,Ya,"1,274900","0,07%","-0,02%","-0,90%","-1,00%","1,81%","3,76%","3,06%","2,17%",,,,,,,,,,,,,,,,,,,,,,,,,,,,,,,,,,,,,,,,,,,,,,"74.655.222,38","58.079.817,12",10-Mar-2014,Okt-2025,,Maks 1.50%,USD 100,30-Okt-2025,31-Okt-2025,24-Nov-2025,"1,455051","0,07%","-0,02%","-0,90%","-1,00%","1,81%","3,76%","4,91%","4,00%",,,,,,-,-,-,-,-,-,-,-,,,,,2025-11-25T09:09:43.668181,1
,46,ASHMORE DANA USD NUSANTARA KELAS B,,"Ashmore Asset Management Indonesia, PT",PT Bank HSBC Indonesia,Pendapatan Tetap,Konvensional,USD,Tidak,"0,994500","0,08%","-0,01%","-0,55%",-,-,-,-,-,,,,,,,,,,,,,,,,,,,,,,,,,,,,,,,,,,,,,,,,,,,,,,"499,55","500,00",,Okt-2025,,,,,,24-Nov-2025,,-,-,-,-,-,-,-,-,,,,,,-,-,-,-,-,-,-,-,,,,,2025-11-25T09:09:43.668187,1
,47,ASHMORE DIGITAL EQUITY SUSTAINABLE FUND,,"Ashmore Asset Management Indonesia, PT",PT Bank HSBC Indonesia,Saham,Konvensional,IDR,Tidak,"810,9000","0,81%","0,75%","1,78%","0,90%","-0,51%","1,76%","5,88%","-0,77%",,,,,,,,,,,,,,,,,,,,,,,,,,,,,,,,,,,,,,,,,,,,,,"34.608.789.759,00","43.437.951,39",,Okt-2025,,,,30-Okt-2025,31-Okt-2025,24-Nov-2025,,-,-,-,-,-,-,-,-,,,,,,-,-,-,-,-,-,-,-,,,,,2025-11-25T09:09:43.668193,1
,48,ASHMORE IDX30 INDEX EQUITY FUND,,"Ashmore Asset Management Indonesia, PT",PT Bank HSBC Indonesia,Saham,Index,IDR,Tidak,"943,1300","1,47%","0,58%","2,19%","2,83%","4,83%","5,47%","7,91%","0,40%",,,,,,,,,,,,,,,,,,,,,,,,,,,,,,,,,,,,,,,,,,,,,,"15.342.594.586,00","16.624.123,47",30-Agt-2018,Okt-2025,,Maks 1.50%,Rp 10.000,30-Okt-2023,31-Okt-2023,24-Nov-2025,,-,-,-,-,-,-,-,-,,,,,,-,-,-,-,-,-,-,-,,,,,2025-11-25T09:09:43.668198,1
,49,ASHMORE SAHAM DINAMIS NUSANTARA,,"Ashmore Asset Management Indonesia, PT",CITIBANK N. A. - CUSTODY,Saham,Konvensional,IDR,Tidak,"1.185,5100","0,06%","-1,58%","1,06%","3,13%","10,67%","20,08%","22,69%","18,58%",,,,,,,,,,,,,,,,,,,,,,,,,,,,,,,,,,,,,,,,,,,,,,"305.202.020.858,08","260.168.790,99",31-Mei-2018,Okt-2025,,Maks 2.50%,Rp. 10.000.000,28-Agt-2025,29-Agt-2025,24-Nov-2025,,-,-,-,-,-,-,-,-,,,,,,-,-,-,-,-,-,-,-,,,,,2025-11-25T09:09:43.668204,1
,50,ASHMORE SAHAM SEJAHTERA NUSANTARA,,"Ashmore Asset Management Indonesia, PT",PT Bank HSBC Indonesia,Saham,Konvensional,IDR,Tidak,"1.055,1800","0,74%","0,03%","1,35%","2,66%","6,68%","7,85%","12,01%","6,43%",,,,,,,,,,,,,,,,,,,,,,,,,,,,,,,,,,,,,,,,,,,,,,"2.964.722.392.164,00","2.847.671.081,63",27-Sep-2017,Okt-2025,,Maks 2.5 %,"Rp 1.000.000.000,- (satu miliar Rupiah).",27-Jun-2024,28-Jun-2024,24-Nov-2025,,-,-,-,-,-,-,-,-,,,,,,-,-,-,-,-,-,-,-,,,,,2025-11-25T09:09:43.668210,1
,51,ASHMORE SAHAM SEJAHTERA NUSANTARA II,,"Ashmore Asset Management Indonesia, PT",PT Bank HSBC Indonesia,Saham,Konvensional,IDR,Tidak,"1.100,0600","1,37%","0,94%","1,66%","1,90%","1,78%","2,50%","4,67%","0,39%",,,,,,,,,,,,,,,,,,,,,,,,,,,,,,,,,,,,,,,,,,,,,,"214.067.243.309,00","197.830.601,07",16-Feb-2018,Okt-2025,,Maks 2.5 %,"Rp 1.000.000.000,- (satu miliar Rupiah).",27-Jun-2024,28-Jun-2024,24-Nov-2025,,-,-,-,-,-,-,-,-,,,,,,-,-,-,-,-,-,-,-,,,,,2025-11-25T09:09:43.668216,1
,52,ASHMORE SAHAM UNGGULAN NUSANTARA,,"Ashmore Asset Management Indonesia, PT","Bank Mandiri, Tbk, PT",Saham,Konvensional,IDR,Tidak,"1.292,2425","2,06%","1,34%","1,76%","2,32%","5,49%","8,87%","10,73%","5,45%",,,,,,,,,,,,,,,,,,,,,,,,,,,,,,,,,,,,,,,,,,,,,,"30.863.686.752,49","24.303.607,83",23-Jul-2018,Okt-2025,,Maks 2.5%,"Rp 100.000,- (seratus ribu Rupiah).",27-Jun-2024,28-Jun-2024,24-Nov-2025,,-,-,-,-,-,-,-,-,,,,,,-,-,-,-,-,-,-,-,,,,,2025-11-25T09:09:43.668222,1
,53,ASIA RAYA SAHAM AMANAH SYARIAH,,"Asia Raya Kapital, PT","Bank Mega, Tbk, PT",Saham,Sharia,IDR,Tidak,"443,3505","0,00%","0,00%","0,00%","0,00%","0,00%","0,00%","0,00%","0,00%",,,,,,,,,,,,,,,,,,,,,,,,,,,,,,,,,,,,,,,,,,,,,,"78.123.388.885,85","176.211.352,84",12-Apr-2019,Okt-2025,,Maks. 2% p.a.,,30-Des-2019,,24-Nov-2025,,-,-,-,-,-,-,-,-,,,,,,-,-,-,-,-,-,-,-,,,,,2025-11-25T09:09:43.668228,1
,54,ASIA RAYA SAHAM BERKEMBANG,,"Asia Raya Kapital, PT","Bank Mega, Tbk, PT",Saham,Konvensional,IDR,Tidak,"370,4437","0,00%","0,00%","0,00%","0,00%","0,00%","0,00%","0,00%","0,00%",,,,,,,,,,,,,,,,,,,,,,,,,,,,,,,,,,,,,,,,,,,,,,"329.516.937.990,88","889.519.567,54",12-Jul-2018,Okt-2025,,Maks. 2% p.a,,30-Des-2019,,24-Nov-2025,,-,-,-,-,-,-,-,-,,,,,,-,-,-,-,-,-,-,-,,,,,2025-11-25T09:09:43.668234,1
,55,ASIA RAYA SAHAM UNGGULAN SYARIAH,,"Asia Raya Kapital, PT","Bank Mega, Tbk, PT",Saham,Sharia,IDR,Tidak,"365,0135","0,00%","0,00%","0,00%","0,00%","0,00%","0,00%","0,00%","0,00%",,,,,,,,,,,,,,,,,,,,,,,,,,,,,,,,,,,,,,,,,,,,,,"59.199.500.931,44","162.184.400,77",05-Sep-2018,Okt-2025,,Maks. 2% p.a.,,30-Des-2019,,24-Nov-2025,,-,-,-,-,-,-,-,-,,,,,,-,-,-,-,-,-,-,-,,,,,2025-11-25T09:09:43.668240,1
,56,ASIA RAYA SYARIAH SAHAM BAROKAH,,"Asia Raya Kapital, PT","Bank Mega, Tbk, PT",Saham,Sharia,IDR,Tidak,"370,1760","0,00%","0,00%","0,00%","0,00%","0,00%","0,00%","0,00%","0,00%",,,,,,,,,,,,,,,,,,,,,,,,,,,,,,,,,,,,,,,,,,,,,,"89.439.197.652,03","241.612.599,50",17-Jul-2018,Okt-2025,,Maks. 2% p.a.,,30-Des-2019,,24-Nov-2025,,-,-,-,-,-,-,-,-,,,,,,-,-,-,-,-,-,-,-,,,,,2025-11-25T09:09:43.668246,1
,57,AURORA DANA EKUITAS,,"Aurora Asset Management, PT","Bank Mega, Tbk, PT",Saham,Konvensional,IDR,Tidak,"217,7940","-0,01%","-0,08%","0,13%","0,12%","1,43%","1,28%","0,77%","0,14%",,,,,,,,,,,,,,,,,,,,,,,,,,,,,,,,,,,,,,,,,,,,,,"3.531.645.763,23","16.236.678,91",24-Jul-2017,Okt-2025,,Maks 5%,"Rp 100.000,-",29-Sep-2025,30-Sep-2025,24-Nov-2025,,-,-,-,-,-,-,-,-,,,,,,-,-,-,-,-,-,-,-,,,,,2025-11-25T09:09:43.668252,1
,58,AURORA EQUITY,,"Aurora Asset Management, PT","BANK CENTRAL ASIA - CUSTODY, Tbk, PT",Saham,Konvensional,IDR,Tidak,"200,2993","-0,01%","-0,17%","0,07%","-0,13%","1,01%","1,64%","1,27%","0,95%",,,,,,,,,,,,,,,,,,,,,,,,,,,,,,,,,,,,,,,,,,,,,,"78.174.948.212,95","390.569.114,50",26-Apr-2018,Okt-2025,,Maks 5%,"Rp 100.000,-",29-Sep-2025,30-Sep-2025,24-Nov-2025,,-,-,-,-,-,-,-,-,,,,,,-,-,-,-,-,-,-,-,,,,,2025-11-25T09:09:43.668258,1
,59,AURORA SHARIA EQUITY,,"Aurora Asset Management, PT","Bank Cimb Niaga, Tbk, PT",Saham,Sharia,IDR,Tidak,"312,2396","-0,50%","-0,28%","3,84%","3,59%","16,92%","37,68%","44,22%","38,50%",,,,,,,,,,,,,,,,,,,,,,,,,,,,,,,,,,,,,,,,,,,,,,"272.658.979.511,25","906.786.793,14",28-Jun-2018,Okt-2025,,Maks 5%,"Rp 100.000,-",29-Sep-2025,30-Sep-2025,24-Nov-2025,,-,-,-,-,-,-,-,-,,,,,,-,-,-,-,-,-,-,-,,,,,2025-11-25T09:09:43.668264,1
,60,AURORA SMC EQUITY,,"Aurora Asset Management, PT","BANK CENTRAL ASIA - CUSTODY, Tbk, PT",Saham,Konvensional,IDR,Tidak,"518,5067","0,02%","-0,29%","2,48%","2,19%","11,25%","22,67%","30,22%","26,22%",,,,,,,,,,,,,,,,,,,,,,,,,,,,,,,,,,,,,,,,,,,,,,"160.472.544.361,10","317.168.886,22",17-Jul-2018,Okt-2025,,Maks 5%,"Rp. 100.000,- (seratus ribu Rupiah)",29-Sep-2025,30-Sep-2025,24-Nov-2025,,-,-,-,-,-,-,-,-,,,,,,-,-,-,-,-,-,-,-,,,,,2025-11-25T09:09:43.668270,1
,61,AURORA SYARIAH SAHAM AMANAH,,"Aurora Asset Management, PT","Bank Cimb Niaga, Tbk, PT",Saham,Sharia,IDR,Tidak,"356,4447","0,00%","-0,04%","-0,09%","-0,05%","-0,15%","-0,68%","-0,73%","-0,74%",,,,,,,,,,,,,,,,,,,,,,,,,,,,,,,,,,,,,,,,,,,,,,"5.067.739.473,93","14.205.303,74",21-Sep-2018,Okt-2025,,Maks 5%,"Rp. 100.000,- (seratus ribu Rupiah)",29-Sep-2025,30-Sep-2025,24-Nov-2025,,-,-,-,-,-,-,-,-,,,,,,-,-,-,-,-,-,-,-,,,,,2025-11-25T09:09:43.668275,1
,62,AVRIST ADA KAS INTAN,,"Avrist Asset Management, PT","Bank KB Bukopin, Tbk, PT",Pasar Uang,Konvensional,IDR,Tidak,"339,5846","-0,21%","-0,49%","-1,82%","-5,09%","-9,08%","22,86%","27,64%","27,14%",,,,,,,,,,,,,,,,,,,,,,,,,,,,,,,,,,,,,,,,,,,,,,"40.302.177,41","116.683,62",30-Mei-2017,Okt-2025,,Maks 1.00%,Rp. 10.000.000.000,30-Okt-2025,31-Okt-2025,24-Nov-2025,,-,-,-,-,-,-,-,-,,,,,,-,-,-,-,-,-,-,-,,,,,2025-11-25T09:09:43.668285,1
,63,AVRIST ADA KAS MUTIARA,,"Avrist Asset Management, PT",STANDARD CHARTERED BANK - CUSTODY,Pasar Uang,Konvensional,IDR,Tidak,"1.540,6200","0,03%","0,05%","0,31%","0,42%","1,40%","2,80%","5,08%","5,63%",,,,,,,,,,,,,,,,,,,,,,,,,,,,,,,,,,,,,,,,,,,,,,"247.547.077.477,47","161.184.286,96",12-Apr-2017,Okt-2025,,Maks 1.00%,Rp. 10.000,30-Okt-2025,31-Okt-2025,24-Nov-2025,,-,-,-,-,-,-,-,-,,,,,,-,-,-,-,-,-,-,-,,,,,2025-11-25T09:09:43.668291,1
,64,AVRIST ADA LIQUID SYARIAH,,"Avrist Asset Management, PT","Bank Syariah Indonesia, Tbk, PT",Pasar Uang,Sharia,IDR,Tidak,"1.285,6200","0,02%","0,04%","0,39%","0,51%","1,69%","3,05%","5,33%","5,92%",,,,,,,,,,,,,,,,,,,,,,,,,,,,,,,,,,,,,,,,,,,,,,"56.158.284.499,79","43.853.985,95",05-Mar-2020,Okt-2025,,"Maks 2,00%",Rp. 100.000,30-Okt-2025,31-Okt-2025,24-Nov-2025,,-,-,-,-,-,-,-,-,,,,,,-,-,-,-,-,-,-,-,,,,,2025-11-25T09:09:43.668297,1
,65,AVRIST ADA OBLIGASI BERLIAN,,"Avrist Asset Management, PT","BANK DBS INDONESIA - CUSTODY, PT",Pendapatan Tetap,Konvensional,IDR,Ya,"1.075,6200","-0,12%","-0,13%","-2,01%","-2,04%","0,73%","2,47%","3,29%","3,19%",,,,,,,,,,,,,,,,,,,,,,,,,,,,,,,,,,,,,,,,,,,,,,"174.686.360.543,00","159.146.068,22",05-Des-2019,Okt-2025,,"Maks 2,00%",Rp. 100.000,30-Okt-2025,31-Okt-2025,24-Nov-2025,"1.286,1318","-0,12%","-0,13%","-2,01%","-2,04%","0,73%","2,47%","3,29%","3,19%",,,,,,-,-,-,-,-,-,-,-,,,,,2025-11-25T09:09:43.668303,1
,66,AVRIST ADA SAHAM BLUE SAFIR KELAS A,,"Avrist Asset Management, PT",STANDARD CHARTERED BANK - CUSTODY,Saham,Konvensional,IDR,Tidak,"916,4400","0,78%","0,11%","-0,39%","0,07%","1,47%","3,28%","-3,20%","-7,40%",,,,,,,,,,,,,,,,,,,,,,,,,,,,,,,,,,,,,,,,,,,,,,"94.478.843.234,59","102.690.691,70",12-Apr-2017,Okt-2025,,Maks 3.00%,"Rp. 500,000",30-Okt-2025,31-Okt-2025,24-Nov-2025,,-,-,-,-,-,-,-,-,,,,,,-,-,-,-,-,-,-,-,,,,,2025-11-25T09:09:43.668309,1
,67,AVRIST ADA SAHAM BLUE SAFIR KELAS D,,"Avrist Asset Management, PT",STANDARD CHARTERED BANK - CUSTODY,Saham,Konvensional,IDR,Tidak,"1.062,2000","0,78%","0,11%","-0,39%","0,07%","1,47%","3,28%","-3,48%","-3,90%",,,,,,,,,,,,,,,,,,,,,,,,,,,,,,,,,,,,,,,,,,,,,,"1.929.486.499,67","1.809.398,01",23-Apr-2024,Okt-2025,,5.00%,"Rp 1.000.000.000,-",30-Okt-2025,31-Okt-2025,24-Nov-2025,,-,-,-,-,-,-,-,-,,,,,,-,-,-,-,-,-,-,-,,,,,2025-11-25T09:09:43.668316,1
,68,AVRIST ADA SUKUK BERKAH SYARIAH,,"Avrist Asset Management, PT","Bank KB Bukopin, Tbk, PT",Pendapatan Tetap,Sharia,IDR,Ya,"1.054,5087","0,12%","0,15%","-0,32%","-0,27%","0,47%","0,86%","3,07%","3,14%",,,,,,,,,,,,,,,,,,,,,,,,,,,,,,,,,,,,,,,,,,,,,,"205.567.212.165,40","194.312.299,18",07-Agt-2017,Okt-2025,,Maks 2.00%,Rp 10.000.000,30-Okt-2025,31-Okt-2025,24-Nov-2025,"1.720,0076","0,12%","0,15%","-0,32%","-0,27%","0,47%","0,86%","3,07%","3,14%",,,,,,-,-,-,-,-,-,-,-,,,,,2025-11-25T09:09:43.668322,1
,69,AVRIST BALANCED AMAR SYARIAH,,"Avrist Asset Management, PT",STANDARD CHARTERED BANK - CUSTODY,Campuran,Sharia,IDR,Tidak,"1.208,8400","1,46%","1,00%","4,59%","1,46%","7,56%","16,27%","9,61%","7,53%",,,,,,,,,,,,,,,,,,,,,,,,,,,,,,,,,,,,,,,,,,,,,,"614.154.712,86","531.382,15",30-Sep-2018,Okt-2025,,Maks 2.50%,Rp. 500.000,30-Okt-2025,31-Okt-2025,24-Nov-2025,,-,-,-,-,-,-,-,-,,,,,,-,-,-,-,-,-,-,-,,,,,2025-11-25T09:09:43.668328,1
,70,AVRIST BOND FUND,,"Avrist Asset Management, PT","BANK DBS INDONESIA - CUSTODY, PT",Pendapatan Tetap,Konvensional,IDR,Tidak,"1.455,6000","-0,17%","-0,18%","-0,26%","-0,37%","2,36%","5,50%","9,68%","9,60%",,,,,,,,,,,,,,,,,,,,,,,,,,,,,,,,,,,,,,,,,,,,,,"8.125.114.465,00","5.567.734,23",01-Feb-2019,Okt-2025,,Maks 2.00%,Rp 10.000,30-Okt-2025,31-Okt-2025,24-Nov-2025,,-,-,-,-,-,-,-,-,,,,,,-,-,-,-,-,-,-,-,,,,,2025-11-25T09:09:43.668334,1
,71,AVRIST DANA KAS RUBY,,"Avrist Asset Management, PT","KEB Hana Bank Indonesia, PT",Pasar Uang,Konvensional,IDR,Tidak,"1.000,9866","0,00%","0,00%","0,00%","-0,01%",-,-,-,-,,,,,,,,,,,,,,,,,,,,,,,,,,,,,,,,,,,,,,,,,,,,,,"250.257,45","250,00",,Okt-2025,,,,,,24-Nov-2025,,-,-,-,-,-,-,-,-,,,,,,-,-,-,-,-,-,-,-,,,,,2025-11-25T09:09:43.668340,1
,72,AVRIST DANA OBLIGASI SEJAHTERA,,"Avrist Asset Management, PT","BANK DBS INDONESIA - CUSTODY, PT",Pendapatan Tetap,Konvensional,IDR,Ya,"1.070,0600","-0,05%","-0,08%","-0,26%","-0,23%","0,28%","1,07%","2,02%","1,91%",,,,,,,,,,,,,,,,,,,,,,,,,,,,,,,,,,,,,,,,,,,,,,"47.535.990.774,00","44.309.140,56",23-Mei-2018,Okt-2025,,Maks 2%,Rp 1.000.000.000,30-Okt-2025,31-Okt-2025,24-Nov-2025,"2.002,4565","-0,05%","-0,08%","-0,26%","-0,23%","0,28%","1,07%","2,02%","1,91%",,,,,,-,-,-,-,-,-,-,-,,,,,2025-11-25T09:09:43.668346,1
,73,AVRIST EMERALD STABLE FUND,,"Avrist Asset Management, PT","BANK DBS INDONESIA - CUSTODY, PT",Pendapatan Tetap,Konvensional,IDR,Tidak,"1.168,4100","0,03%","0,16%","0,53%","0,69%","3,03%","6,14%","10,35%","10,17%",,,,,,,,,,,,,,,,,,,,,,,,,,,,,,,,,,,,,,,,,,,,,,"368.014.146.180,00","316.639.624,09",28-Nov-2023,Okt-2025,,Maks 3.00%,Rp. 10.000,30-Okt-2025,31-Okt-2025,24-Nov-2025,,-,-,-,-,-,-,-,-,,,,,,-,-,-,-,-,-,-,-,,,,,2025-11-25T09:09:43.668351,1
,74,AVRIST EQUITY - CROSS SECTORAL,,"Avrist Asset Management, PT",STANDARD CHARTERED BANK - CUSTODY,Saham,Konvensional,IDR,Tidak,"956,6800","1,76%","1,73%","4,96%","2,84%","9,71%","9,46%","2,96%","-1,62%",,,,,,,,,,,,,,,,,,,,,,,,,,,,,,,,,,,,,,,,,,,,,,"10.529.200.251,43","11.552.098,40",30-Apr-2013,Okt-2025,,Maks 3.00%,Rp. 500.000,30-Okt-2025,31-Okt-2025,24-Nov-2025,,-,-,-,-,-,-,-,-,,,,,,-,-,-,-,-,-,-,-,,,,,2025-11-25T09:09:43.668357,1
,75,AVRIST EQUITY AMAR SYARIAH,,"Avrist Asset Management, PT",STANDARD CHARTERED BANK - CUSTODY,Saham,Sharia,IDR,Tidak,"798,8000","2,61%","0,73%","6,76%","5,41%","10,85%","19,20%","19,48%","14,12%",,,,,,,,,,,,,,,,,,,,,,,,,,,,,,,,,,,,,,,,,,,,,,"1.786.679.155,57","2.387.891,05",30-Sep-2013,Okt-2025,,Maks 3.00%,Rp. 500.000,30-Okt-2025,31-Okt-2025,24-Nov-2025,,-,-,-,-,-,-,-,-,,,,,,-,-,-,-,-,-,-,-,,,,,2025-11-25T09:09:43.668363,1
,76,AVRIST EQUITY GROWTH FUND,,"Avrist Asset Management, PT","BANK CENTRAL ASIA - CUSTODY, Tbk, PT",Saham,Konvensional,IDR,Tidak,"1.176,2500","1,80%","1,73%","5,10%","3,00%","9,12%","8,24%","-2,99%","-7,15%",,,,,,,,,,,,,,,,,,,,,,,,,,,,,,,,,,,,,,,,,,,,,,"8.691.040.415,84","7.765.633,70",19-Feb-2020,Okt-2025,,Maks 3%,Rp10.000,30-Okt-2025,31-Okt-2025,24-Nov-2025,,-,-,-,-,-,-,-,-,,,,,,-,-,-,-,-,-,-,-,,,,,2025-11-25T09:09:43.668369,1
,77,AVRIST IDX30,,"Avrist Asset Management, PT",STANDARD CHARTERED BANK - CUSTODY,Saham,Index,IDR,Tidak,"949,8600","1,55%","0,51%","2,26%","2,84%","4,73%","5,89%","10,22%","5,54%",,,,,,,,,,,,,,,,,,,,,,,,,,,,,,,,,,,,,,,,,,,,,,"126.939.228.983,40","136.653.387,02",04-Des-2017,Okt-2025,,Maks 1.00%,"Rp. 10,000",30-Okt-2025,31-Okt-2025,24-Nov-2025,,-,-,-,-,-,-,-,-,,,,,,-,-,-,-,-,-,-,-,,,,,2025-11-25T09:09:43.668375,1
,78,AVRIST INDEKS LQ45,,"Avrist Asset Management, PT","BANK DBS INDONESIA - CUSTODY, PT",Saham,Index,IDR,Tidak,"956,0000","2,08%","1,58%","3,64%","3,96%","4,68%","6,48%","6,01%","0,67%",,,,,,,,,,,,,,,,,,,,,,,,,,,,,,,,,,,,,,,,,,,,,,"1.903.188.768,00","2.063.263,55",15-Feb-2019,Okt-2025,,Maks 2.00%,Rp. 10.000,30-Okt-2025,31-Okt-2025,24-Nov-2025,,-,-,-,-,-,-,-,-,,,,,,-,-,-,-,-,-,-,-,,,,,2025-11-25T09:09:43.668382,1
,79,AVRIST KAS SYARIAH INARA,,"Avrist Asset Management, PT","Bank Syariah Indonesia, Tbk, PT",Pasar Uang,Sharia,IDR,Tidak,"1.036,5227","0,00%","-0,01%","-0,02%","-0,02%","-0,06%","-0,52%","0,13%","0,50%",,,,,,,,,,,,,,,,,,,,,,,,,,,,,,,,,,,,,,,,,,,,,,"1.005.451,46","969,87",15-Jul-2022,Okt-2025,,2.00%,"Rp 100.000,-",30-Okt-2025,31-Okt-2025,24-Nov-2025,,-,-,-,-,-,-,-,-,,,,,,-,-,-,-,-,-,-,-,,,,,2025-11-25T09:09:43.668388,1
,80,AVRIST LIQUID FUND,,"Avrist Asset Management, PT","BANK DBS INDONESIA - CUSTODY, PT",Pasar Uang,Konvensional,IDR,Tidak,"1.309,0400","0,02%","0,06%","0,20%","0,25%","0,97%","2,27%","4,00%","4,43%",,,,,,,,,,,,,,,,,,,,,,,,,,,,,,,,,,,,,,,,,,,,,,"6.745.456.174,00","5.163.047,62",01-Feb-2019,Okt-2025,,2.00%,Rp. 10.000,29-Apr-2025,30-Apr-2025,24-Nov-2025,,-,-,-,-,-,-,-,-,,,,,,-,-,-,-,-,-,-,-,,,,,2025-11-25T09:09:43.668395,1
,81,AVRIST PENDIDIKAN SOLOTECH KELAS GOLD,,"Avrist Asset Management, PT","BANK DBS INDONESIA - CUSTODY, PT",Pendapatan Tetap,Konvensional,IDR,Tidak,"923,0200","0,00%","0,00%","0,00%","0,00%","0,00%","0,00%","0,00%","0,00%",,,,,,,,,,,,,,,,,,,,,,,,,,,,,,,,,,,,,,,,,,,,,,"0,00","0,00",15-Agt-2024,Okt-2025,,,,,,24-Nov-2025,,-,-,-,-,-,-,-,-,,,,,,-,-,-,-,-,-,-,-,,,,,2025-11-25T09:09:43.668401,1
,82,AVRIST PENDIDIKAN SOLOTECH KELAS PLATINUM,,"Avrist Asset Management, PT","BANK DBS INDONESIA - CUSTODY, PT",Pendapatan Tetap,Konvensional,IDR,Tidak,"1.000,3600","0,00%","0,00%","0,00%","0,00%","0,00%","0,00%","0,00%","0,00%",,,,,,,,,,,,,,,,,,,,,,,,,,,,,,,,,,,,,,,,,,,,,,"0,00","0,00",15-Agt-2024,Okt-2025,,,,,,24-Nov-2025,,-,-,-,-,-,-,-,-,,,,,,-,-,-,-,-,-,-,-,,,,,2025-11-25T09:09:43.668407,1
,83,AVRIST PENDIDIKAN SOLOTECH KELAS SILVER,,"Avrist Asset Management, PT","BANK DBS INDONESIA - CUSTODY, PT",Pendapatan Tetap,Konvensional,IDR,Tidak,"1.102,4700","-0,02%","-0,15%","0,04%","-0,02%","2,01%","4,83%","8,31%","8,48%",,,,,,,,,,,,,,,,,,,,,,,,,,,,,,,,,,,,,,,,,,,,,,"8.236.719.452,00","7.473.916,20",18-Jul-2024,Okt-2025,,Maks 3%,"Rp 10.000,-",30-Okt-2025,31-Okt-2025,24-Nov-2025,,-,-,-,-,-,-,-,-,,,,,,-,-,-,-,-,-,-,-,,,,,2025-11-25T09:09:43.668413,1
,84,AVRIST PRIME BOND FUND,,"Avrist Asset Management, PT",STANDARD CHARTERED BANK - CUSTODY,Pendapatan Tetap,Konvensional,IDR,Tidak,"1.987,1500","-0,12%","-0,16%","-0,10%","-0,19%","2,90%","6,29%","9,77%","9,56%",,,,,,,,,,,,,,,,,,,,,,,,,,,,,,,,,,,,,,,,,,,,,,"67.311.287.988,39","33.838.624,54",21-Mei-2014,Okt-2025,,Maks 2%,Rp. 500.000,30-Okt-2025,31-Okt-2025,24-Nov-2025,,-,-,-,-,-,-,-,-,,,,,,-,-,-,-,-,-,-,-,,,,,2025-11-25T09:09:43.668419,1
,85,AVRIST PRIME INCOME FUND,,"Avrist Asset Management, PT","Bank Permata, Tbk, PT",Pendapatan Tetap,Konvensional,IDR,Ya,"1.079,3900","-0,02%","-0,06%","-0,36%","-0,34%","0,62%","1,28%","3,02%","2,60%",,,,,,,,,,,,,,,,,,,,,,,,,,,,,,,,,,,,,,,,,,,,,,"73.580.597.858,17","67.921.590,17",09-Des-2014,Okt-2025,,Maks 2%,Rp. 100.000.000,30-Okt-2025,31-Okt-2025,24-Nov-2025,"1.971,9590","-0,02%","-0,06%","-0,36%","-0,34%","0,62%","1,28%","3,02%","2,60%",,,,,,-,-,-,-,-,-,-,-,,,,,2025-11-25T09:09:43.668425,1
,86,AVRIST PROTECTED FUND 3,,"Avrist Asset Management, PT","Bank KB Bukopin, Tbk, PT",Terproteksi,Konvensional,IDR,Tidak,"1.063,7182","-0,03%","-0,08%","0,32%","0,41%","0,09%","0,84%","3,34%","2,36%",,,,,,,,,,,,,,,,,,,,,,,,,,,,,,,,,,,,,,,,,,,,,,"90.477.858.214,88","85.332.080,00",26-Mar-2024,Okt-2025,,1.00%,"Rp. 100.000,-",30-Okt-2025,31-Okt-2025,24-Nov-2025,,-,-,-,-,-,-,-,-,,,,,,-,-,-,-,-,-,-,-,,,,,2025-11-25T09:09:43.668431,1
,87,AVRIST PROTECTED FUND 4,,"Avrist Asset Management, PT","Bank KB Bukopin, Tbk, PT",Terproteksi,Konvensional,IDR,Tidak,"1.057,0443","1,12%","1,11%","1,72%","1,89%","0,99%","2,87%","4,03%","4,27%",,,,,,,,,,,,,,,,,,,,,,,,,,,,,,,,,,,,,,,,,,,,,,"42.450.441.564,79","40.850.000,00",15-Des-2023,Okt-2025,,1.00%,"Rp. 5.000.000,-",30-Okt-2025,31-Okt-2025,24-Nov-2025,,-,-,-,-,-,-,-,-,,,,,,-,-,-,-,-,-,-,-,,,,,2025-11-25T09:09:43.668437,1
,88,AVRIST PROTECTED FUND 5,,"Avrist Asset Management, PT","Bank KB Bukopin, Tbk, PT",Terproteksi,Konvensional,IDR,Tidak,"1.003,4654","-0,37%","-0,55%","-3,26%","-1,34%","2,07%","5,29%","-1,94%","1,02%",,,,,,,,,,,,,,,,,,,,,,,,,,,,,,,,,,,,,,,,,,,,,,"20.770.979.885,62","20.025.500,00",11-Jul-2024,Okt-2025,,1.00%,"Rp. 10.000,-",30-Okt-2025,31-Okt-2025,24-Nov-2025,,-,-,-,-,-,-,-,-,,,,,,-,-,-,-,-,-,-,-,,,,,2025-11-25T09:09:43.668443,1
,89,AVRIST PROTECTED FUND 6,,"Avrist Asset Management, PT","Bank KB Bukopin, Tbk, PT",Terproteksi,Konvensional,IDR,Tidak,"1.048,7383","-0,03%","-0,07%","1,42%","1,53%","1,99%","2,93%","3,52%","3,86%",,,,,,,,,,,,,,,,,,,,,,,,,,,,,,,,,,,,,,,,,,,,,,"15.733.791.969,65","15.215.000,00",,Okt-2025,,,,30-Okt-2025,31-Okt-2025,24-Nov-2025,,-,-,-,-,-,-,-,-,,,,,,-,-,-,-,-,-,-,-,,,,,2025-11-25T09:09:43.668449,1
,90,AVRIST PROTECTED FUND 7,,"Avrist Asset Management, PT","KEB Hana Bank Indonesia, PT",Terproteksi,Konvensional,IDR,Tidak,"1.067,7772","0,15%","0,52%","1,90%","1,74%",-,-,-,-,,,,,,,,,,,,,,,,,,,,,,,,,,,,,,,,,,,,,,,,,,,,,,"21.302.623.937,11","20.329.250,00",28-Agt-2025,Okt-2025,,Maks. 5%,"Rp5.000.000,-",30-Okt-2025,31-Okt-2025,24-Nov-2025,,-,-,-,-,-,-,-,-,,,,,,-,-,-,-,-,-,-,-,,,,,2025-11-25T09:09:43.668455,1
,91,AVRIST SUKUK AMANAH SEJAHTERA,,"Avrist Asset Management, PT","BANK SINARMAS, TBK, PT",Pendapatan Tetap,Sharia,IDR,Tidak,"1.138,4239","-0,02%","0,02%","0,14%","0,18%","1,86%","4,92%","8,67%","9,18%",,,,,,,,,,,,,,,,,,,,,,,,,,,,,,,,,,,,,,,,,,,,,,"1.435.802.185.544,53","1.263.001.260,00",27-Mar-2024,Okt-2025,,Maks 3%,Rp. 10.000,30-Okt-2025,31-Okt-2025,24-Nov-2025,,-,-,-,-,-,-,-,-,,,,,,-,-,-,-,-,-,-,-,,,,,2025-11-25T09:09:43.668461,1
,92,AVRIST SUKUK BERKAH 6,,"Avrist Asset Management, PT","Bank Syariah Indonesia, Tbk, PT",Terproteksi,Sharia,IDR,Tidak,"1.036,3900","0,05%","0,11%","0,02%","0,13%","0,41%","0,81%","1,33%","1,57%",,,,,,,,,,,,,,,,,,,,,,,,,,,,,,,,,,,,,,,,,,,,,,"62.171.277.717,24","60.000.900,00",27-Mar-2024,Okt-2025,,1.00%,"Rp 100.000,-",30-Okt-2025,31-Okt-2025,24-Nov-2025,,-,-,-,-,-,-,-,-,,,,,,-,-,-,-,-,-,-,-,,,,,2025-11-25T09:09:43.668467,1
,93,AVRIST SUKUK BERKAH 7,,"Avrist Asset Management, PT","Bank KB Bukopin, Tbk, PT",Terproteksi,Sharia,IDR,Tidak,"1.042,4053","-0,02%","-0,15%","0,30%","0,33%","0,20%","1,23%","2,09%","1,93%",,,,,,,,,,,,,,,,,,,,,,,,,,,,,,,,,,,,,,,,,,,,,,"10.910.214.513,01","10.498.000,00",21-Agt-2024,Okt-2025,,,,30-Okt-2025,31-Okt-2025,24-Nov-2025,,-,-,-,-,-,-,-,-,,,,,,-,-,-,-,-,-,-,-,,,,,2025-11-25T09:09:43.668474,1
,94,AVRIST SUKUK INCOME FUND,,"Avrist Asset Management, PT","Bank Permata, Tbk, PT",Pendapatan Tetap,Sharia,IDR,Ya,"1.075,3300","-0,03%","-0,03%","-0,56%","-0,58%","1,61%","2,49%","3,25%","2,90%",,,,,,,,,,,,,,,,,,,,,,,,,,,,,,,,,,,,,,,,,,,,,,"95.148.981.065,39","87.985.562,94",14-Sep-2016,Okt-2025,,Maks 2.00%,Rp. 100.000.000,30-Okt-2025,31-Okt-2025,24-Nov-2025,"1.732,8020","-0,03%","-0,03%","-0,56%","-0,58%","1,61%","2,49%","3,25%","2,90%",,,,,,-,-,-,-,-,-,-,-,,,,,2025-11-25T09:09:43.668482,1
,95,AXA BOND INCOME KELAS A,,"Axa Investment Managers Select Indonesia, PT",CITIBANK N. A. - CUSTODY,Pendapatan Tetap,Konvensional,IDR,Tidak,"1.050,6739","-0,14%","-0,68%","-0,77%","-0,82%","1,27%","3,05%",-,-,,,,,,,,,,,,,,,,,,,,,,,,,,,,,,,,,,,,,,,,,,,,,,"1.058.811.951,39","1.000.000,00",15-Apr-2025,Okt-2025,,Maks. 3% p.a.,"Rp 10.000.000,-",30-Okt-2025,31-Okt-2025,24-Nov-2025,,-,-,-,-,-,-,-,-,,,,,,-,-,-,-,-,-,-,-,,,,,2025-11-25T09:09:43.668490,1
,96,AXA BOND INCOME KELAS O,,"Axa Investment Managers Select Indonesia, PT",CITIBANK N. A. - CUSTODY,Pendapatan Tetap,Konvensional,IDR,Tidak,"2.248,8164","-0,14%","-0,18%","-0,27%","-0,32%","2,79%","6,15%","9,91%","9,81%",,,,,,,,,,,,,,,,,,,,,,,,,,,,,,,,,,,,,,,,,,,,,,"105.522.001.036,65","46.796.822,74",08-Sep-2011,Okt-2025,,Maks 1.25%,Rp 100.000,30-Okt-2025,31-Okt-2025,24-Nov-2025,,-,-,-,-,-,-,-,-,,,,,,-,-,-,-,-,-,-,-,,,,,2025-11-25T09:09:43.668496,1
,97,AXA BUMN TITANS EQUITY,,"Axa Investment Managers Select Indonesia, PT",CITIBANK N. A. - CUSTODY,Saham,Konvensional,IDR,Tidak,"1.066,0469","1,35%","0,53%","1,06%","1,05%","2,07%",-,-,-,,,,,,,,,,,,,,,,,,,,,,,,,,,,,,,,,,,,,,,,,,,,,,"59.759.089.696,10","56.653.063,27",,Okt-2025,,,,30-Okt-2025,31-Okt-2025,24-Nov-2025,,-,-,-,-,-,-,-,-,,,,,,-,-,-,-,-,-,-,-,,,,,2025-11-25T09:09:43.668504,1
,98,AXA OBLIGASI DOLLAR,,"Axa Investment Managers Select Indonesia, PT",DEUTSCHE BANK A. G. - CUSTODY,Pendapatan Tetap,Konvensional,USD,Tidak,"2,006400","0,03%","0,03%","-0,38%","-0,50%","2,05%","5,54%","7,72%","6,85%",,,,,,,,,,,,,,,,,,,,,,,,,,,,,,,,,,,,,,,,,,,,,,"1.107.497,90","550.355,97",01-Des-2008,Okt-2025,,Maks 1.50%,USD100,30-Okt-2025,31-Okt-2025,24-Nov-2025,,-,-,-,-,-,-,-,-,,,,,,-,-,-,-,-,-,-,-,,,,,2025-11-25T09:09:43.668511,1
,99,AXA SAHAM DINAMIS,,"Axa Investment Managers Select Indonesia, PT",DEUTSCHE BANK A. G. - CUSTODY,Saham,Konvensional,IDR,Tidak,"5.649,0400","1,41%","0,73%","0,84%","0,23%","-1,66%","-0,15%","2,34%","-0,81%",,,,,,,,,,,,,,,,,,,,,,,,,,,,,,,,,,,,,,,,,,,,,,"13.957.810.021,24","2.491.449,55",05-Agt-1997,Okt-2025,,Maks 2.00%,Rp 200.000,30-Okt-2025,31-Okt-2025,24-Nov-2025,,-,-,-,-,-,-,-,-,,,,,,-,-,-,-,-,-,-,-,,,,,2025-11-25T09:09:43.668519,1
,100,BAHANA APEX FIXED INCOME FUND,,"Bahana TCW Investment Management, PT","KEB Hana Bank Indonesia, PT",Pendapatan Tetap,Konvensional,IDR,Tidak,"1.054,0300","-0,25%","-0,43%","-0,38%","-0,60%","2,08%","4,62%","8,75%","7,75%",,,,,,,,,,,,,,,,,,,,,,,,,,,,,,,,,,,,,,,,,,,,,,"244.995.239.670,16","231.551.977,54",,Okt-2025,,,,,,24-Nov-2025,,-,-,-,-,-,-,-,-,,,,,,-,-,-,-,-,-,-,-,,,,,2025-11-25T09:09:43.668527,1
Memuat data...,,,,,,,,,,,,,,,,,,,,,,,,,,,,,,,,,,,,,,,,,,,,,,,,,,,,,,,,,,,,,,,,,,,,,,,,,,,,,,,,,,,,,,,,,,,,,,,,,,,,2025-11-25T09:09:43.668535,1
